1,20230001,Ngoc,Tran,Male,01/01/1990,0123456789
2,20230002,Hung,Nguyen,Female,03/02/1991,0987654321
3,20230003,Mai,Le,Male,05/03/1992,0456789123
4,20230004,Quan,Pham,Female,07/04/1993,0789123456
5,20230005,Hoa,Vu,Male,09/05/1994,0654321789
6,20230006,Duc,Dinh,Female,11/06/1995,0321789456
7,20230007,Thao,Ngo,Male,13/07/1996,0987456123
8,20230008,Minh,Huynh,Female,15/08/1997,0654987321
9,20230009,Thang,Nguyen,Male,17/09/1998,0321654987
10,20230010,Thuy,Ly,Female,19/10/1999,0987321654
11,20230011,Tan,Tran,Male,21/11/2000,0654987321
12,20230012,Tuan,Phan,Female,23/12/2001,0321654987
13,20230013,Thinh,Tran,Male,25/01/2002,0987321654
14,20230014,Ha,Nguyen,Female,27/02/2003,0654987321
15,20230015,Phuong,Bui,Male,29/03/2004,0321654987
16,20230016,Son,Hoang,Female,30/04/2005,0987321654
17,20230017,Hai,Tran,Male,02/06/2006,0654987321
18,20230018,Hoang,Nguyen,Female,04/07/2007,0321654987
19,20230019,Hanh,Dang,Male,06/08/2008,0987321654
20,20230020,Nam,Tran,Female,08/09/2009,0654987321
21,20230021,Linh,Le,Male,10/10/2010,0321654987
22,20230022,Dong,Nguyen,Female,12/11/2011,0987321654
23,20230023,Thuy,Vu,Male,14/12/2012,0654987321
24,20230024,Nhat,Nguyen,Female,16/01/2013,0321654987
25,20230025,Thanh,Nguyen,Male,18/02/2014,0987321654
26,20230026,Tri,Pham,Female,20/03/2015,0654987321
27,20230027,An,Le,Male,22/04/2016,0321654987
28,20230028,Binh,Tran,Female,24/05/2017,0987321654
29,20230029,Viet,Le,Male,26/06/2018,0654987321
30,20230030,Thu,Hoang,Female,28/07/2019,0321654987
31,20230031,Quoc,Nguyen,Male,30/08/2020,0987321654
32,20230032,Hoai,Nguyen,Female,01/09/2021,0654987321
33,20230033,Trang,Le,Male,03/10/2022,0321654987
34,20230034,Tung,Tran,Female,05/11/2023,0987321654
35,20230035,Duy,Le,Male,07/12/2024,0654987321
36,20230036,Thuan,Nguyen,Female,09/01/2025,0321654987
37,20230037,Nga,Nguyen,Male,11/02/2026,0987321654
38,20230038,Duc,Tran,Female,15/03/2027,0654987321
39,20230039,Chi,Nguyen,Male,17/04/2028,0321654987
40,20230040,Thao,Tran,Female,19/05/2029,0987321654
41,20230041,Quang,Nguyen,Female,21/06/2030,0654987321
42,20230042,Van,Tran,Female,23/07/2031,0321654987
43,20230043,Hau,Nguyen,Male,25/08/2032,0987321654
44,20230044,Diep,Nguyen,Female,27/09/2033,0654987321
45,20230045,Thanh,Tran,Male,29/10/2034,0321654987
46,20230046,Vinh,Le,Female,30/11/2035,0987321654
47,20230047,Giang,Nguyen,Male,01/01/2036,0654987321
48,20230048,Hoang,Le,Female,03/02/2037,0321654987
49,20230049,Phuc,Nguyen,Male,07/03/2038,0987321654
50,20230050,Tu,Tran,Female,09/04/2039,0654987321
